#Organism Name,Organism Groups,Strain,BioSample,BioProject,Assembly,Level,Size(Mb),GC%,Replicons,WGS,Scaffolds,CDS,Release Date,GenBank FTP,RefSeq FTP
"Saccharomyces cerevisiae S288C","Eukaryota;Fungi;Ascomycetes","S288C","","PRJNA43747","GCA_000146045.2","Complete",12.1571,38.1556,"chromosome I:NC_001133.9/BK006935.2; chromosome II:NC_001134.8/BK006936.2; chromosome III:NC_001135.5/BK006937.2; chromosome IV:NC_001136.10/BK006938.2; chromosome V:NC_001137.3/BK006939.2; chromosome VI:NC_001138.5/BK006940.2; chromosome VII:NC_001139.9/BK006941.2; chromosome VIII:NC_001140.6/BK006934.2; chromosome IX:NC_001141.2/BK006942.2; chromosome X:NC_001142.9/BK006943.2; chromosome XI:NC_001143.9/BK006944.2; chromosome XII:NC_001144.5/BK006945.2; chromosome XIII:NC_001145.3/BK006946.2; chromosome XIV:NC_001146.8/BK006947.3; chromosome XV:NC_001147.6/BK006948.2; chromosome XVI:NC_001148.4/BK006949.2; mitochondrion MT:NC_001224.1/",,17,6002,"1999-11-08T00:00:00Z","ftp://ftp.ncbi.nlm.nih.gov/genomes/all/GCA/000/146/045/GCA_000146045.2_R64","ftp://ftp.ncbi.nlm.nih.gov/genomes/all/GCF/000/146/045/GCF_000146045.2_R64"
"Eremothecium gossypii ATCC 10895","Eukaryota;Fungi;Ascomycetes","ATCC 10895","SAMN03081415","PRJNA13834","GCA_000091025.4","Complete",9.11931,51.6989,"chromosome I:NC_005782.2/AE016814.2; chromosome II:NC_005783.5/AE016815.5; chromosome III:NC_005784.3/AE016816.3; chromosome IV:NC_005785.6/AE016817.6; chromosome V:NC_005786.2/AE016818.2; chromosome VI:NC_005787.5/AE016819.5; chromosome VII:NC_005788.4/AE016820.4; mitochondrion MT:NC_005789.1/AE016821.1",,8,4776,"2004-03-04T00:00:00Z","ftp://ftp.ncbi.nlm.nih.gov/genomes/all/GCA/000/091/025/GCA_000091025.4_ASM9102v4","ftp://ftp.ncbi.nlm.nih.gov/genomes/all/GCF/000/091/025/GCF_000091025.4_ASM9102v4"
"Kluyveromyces lactis","Eukaryota;Fungi;Ascomycetes","NRRL Y-1140","SAMEA3138170","PRJNA13835","GCA_000002515.1","Complete",10.7294,38.7053,"chromosome A:NC_006037.1/CR382121.1; chromosome B:NC_006038.1/CR382122.1; chromosome C:NC_006039.1/CR382123.1; chromosome D:NC_006040.1/CR382124.1; chromosome E:NC_006041.1/CR382125.1; chromosome F:NC_006042.1/CR382126.1; mitochondrion MT:NC_006077.1/",,7,5085,"2004-07-02T23:06:00Z","ftp://ftp.ncbi.nlm.nih.gov/genomes/all/GCA/000/002/515/GCA_000002515.1_ASM251v1","ftp://ftp.ncbi.nlm.nih.gov/genomes/all/GCF/000/002/515/GCF_000002515.2_ASM251v1"
"Candida dubliniensis CD36","Eukaryota;Fungi;Ascomycetes","CD36","SAMEA2272258","PRJEA34697","GCA_000026945.1","Complete",14.6184,33.2489,"chromosome R:NC_012867.1/FM992695.1; chromosome 1:NC_012860.1/FM992688.1; chromosome 2:NC_012861.1/FM992689.1; chromosome 3:NC_012862.1/FM992690.1; chromosome 4:NC_012863.1/FM992691.1; chromosome 5:NC_012864.1/FM992692.1; chromosome 6:NC_012865.1/FM992693.1; chromosome 7:NC_012866.1/FM992694.1",,8,5859,"2009-02-16T00:00:00Z","ftp://ftp.ncbi.nlm.nih.gov/genomes/all/GCA/000/026/945/GCA_000026945.1_ASM2694v1","ftp://ftp.ncbi.nlm.nih.gov/genomes/all/GCF/000/026/945/GCF_000026945.1_ASM2694v1"
"Botrytis cinerea B05.10","Eukaryota;Fungi;Ascomycetes","B05.10","SAMN02953628","PRJNA15632","GCA_000143535.4","Complete",42.6301,42.0028,"chromosome 1:NC_037310.1/CP009805.1; chromosome 2:NC_037311.1/CP009806.1; chromosome 3:NC_037312.1/CP009807.1; chromosome 4:NC_037313.1/CP009808.1; chromosome 5:NC_037314.1/CP009809.1; chromosome 6:NC_037315.1/CP009810.1; chromosome 7:NC_037316.1/CP009811.1; chromosome 8:NC_037317.1/CP009812.1; chromosome 9:NC_037318.1/CP009813.1; chromosome 10:NC_037319.1/CP009814.1; chromosome 11:NC_037320.1/CP009815.1; chromosome 12:NC_037321.1/CP009816.1; chromosome 13:NC_037322.1/CP009817.1; chromosome 14:NC_037323.1/CP009818.1; chromosome 15:NC_037324.1/CP009819.1; chromosome 16:NC_037325.1/CP009820.1; chromosome 17:NC_037326.1/CP009821.1; chromosome 18:NC_037327.1/CP009822.1",,18,13703,"2015-02-05T00:00:00Z","ftp://ftp.ncbi.nlm.nih.gov/genomes/all/GCA/000/143/535/GCA_000143535.4_ASM14353v4","ftp://ftp.ncbi.nlm.nih.gov/genomes/all/GCF/000/143/535/GCF_000143535.2_ASM14353v4"
"Malassezia restricta","Eukaryota;Fungi;Basidiomycetes","KCTC 27527","SAMN09478194","PRJNA495494","GCA_003290485.1","Complete",7.36963,55.6659,"chromosome I:NC_040193.1/CP030251.1; chromosome II:NC_040194.1/CP030252.1; chromosome III:NC_040195.1/CP030253.1; chromosome IV:NC_040196.1/CP030254.1; chromosome V:NC_040197.1/CP030255.1; chromosome VI:NC_040198.1/CP030256.1; chromosome VII:NC_040199.1/CP030257.1; chromosome VIII:NC_040200.1/CP030258.1; chromosome IX:NC_040201.1/CP030259.1; mitochondrion MT:NC_039455.1/CP030260.1",,10,4406,"2018-07-09T00:00:00Z","ftp://ftp.ncbi.nlm.nih.gov/genomes/all/GCA/003/290/485/GCA_003290485.1_ASM329048v1","ftp://ftp.ncbi.nlm.nih.gov/genomes/all/GCF/003/290/485/GCF_003290485.1_ASM329048v1"
"Epichloe festucae Fl1","Eukaryota;Fungi;Ascomycetes","Fl1","SAMN08391367","PRJNA431450","GCA_003814445.1","Complete",35.0237,43.7002,"chromosome 1:CP031385.1; chromosome 2:CP031386.1; chromosome 3:CP031387.1; chromosome 4:CP031388.1; chromosome 5:CP031389.1; chromosome 6:CP031390.1; chromosome 7:CP031391.1; mitochondrion MT:CP031392.1",,8,0,"2018-11-23T00:00:00Z","ftp://ftp.ncbi.nlm.nih.gov/genomes/all/GCA/003/814/445/GCA_003814445.1_ASM381444v1",
"Thermothelomyces thermophilus ATCC 42464","Eukaryota;Fungi;Ascomycetes","ATCC 42464","SAMN00739435","PRJNA32775","GCA_000226095.1","Complete",38.7442,51.4491,"chromosome 1:NC_016472.1/CP003002.1; chromosome 2:NC_016473.1/CP003003.1; chromosome 3:NC_016474.1/CP003004.1; chromosome 4:NC_016475.1/CP003005.1; chromosome 5:NC_016476.1/CP003006.1; chromosome 6:NC_016477.1/CP003007.1; chromosome 7:NC_016478.1/CP003008.1",,7,9097,"2011-09-16T00:00:00Z","ftp://ftp.ncbi.nlm.nih.gov/genomes/all/GCA/000/226/095/GCA_000226095.1_ASM22609v1","ftp://ftp.ncbi.nlm.nih.gov/genomes/all/GCF/000/226/095/GCF_000226095.1_ASM22609v1"
"Thielavia terrestris NRRL 8126","Eukaryota;Fungi;Ascomycetes","NRRL 8126","SAMN02744067","PRJNA32847","GCA_000226115.1","Complete",36.9123,54.7294,"chromosome 1:NC_016457.1/CP003009.1; chromosome 2:NC_016458.1/CP003010.1; chromosome 3:NC_016459.1/CP003011.1; chromosome 4:NC_016460.1/CP003012.1; chromosome 5:NC_016461.1/CP003013.1; chromosome 6:NC_016462.1/CP003014.1",,6,9802,"2011-09-16T00:00:00Z","ftp://ftp.ncbi.nlm.nih.gov/genomes/all/GCA/000/226/115/GCA_000226115.1_ASM22611v1","ftp://ftp.ncbi.nlm.nih.gov/genomes/all/GCF/000/226/115/GCF_000226115.1_ASM22611v1"
"Kluyveromyces marxianus DMKU3-1042","Eukaryota;Fungi;Ascomycetes","DMKU3-1042","SAMD00067077","PRJDA65233","GCA_001417885.1","Complete",10.9665,40.1173,"chromosome 1:NC_036025.1/AP012213.1; chromosome 2:NC_036026.1/AP012214.1; chromosome 3:NC_036027.1/AP012215.1; chromosome 4:NC_036028.1/AP012216.1; chromosome 5:NC_036029.1/AP012217.1; chromosome 6:NC_036030.1/AP012218.1; chromosome 7:NC_036031.1/AP012219.1; chromosome 8:NC_036032.1/AP012220.1; mitochondrion MT:NC_036023.1/AP012221.1",,9,4952,"2014-01-14T23:04:00Z","ftp://ftp.ncbi.nlm.nih.gov/genomes/all/GCA/001/417/885/GCA_001417885.1_Kmar_1.0","ftp://ftp.ncbi.nlm.nih.gov/genomes/all/GCF/001/417/885/GCF_001417885.1_Kmar_1.0"
"Cercospora sojina","Eukaryota;Fungi;Ascomycetes","RACE15","SAMN10531911","PRJNA508859","GCA_004299825.1","Complete",40.116,53.4049,"chromosome I:CP036215.1; chromosome II:CP036208.1; chromosome III:CP036210.1; chromosome IV:CP036216.1; chromosome V:CP036219.1; chromosome VI:CP036213.1; chromosome VII:CP036212.1; chromosome VIII:CP036209.1; chromosome IX:CP036217.1; chromosome X:CP036214.1; chromosome XI:CP036218.1; chromosome XII:CP036211.1",,12,0,"2019-02-26T00:00:00Z","ftp://ftp.ncbi.nlm.nih.gov/genomes/all/GCA/004/299/825/GCA_004299825.1_ASM429982v1",
"Pichia kudriavzevii","Eukaryota;Fungi;Ascomycetes","CBS573","SAMN08558011","PRJNA545694","GCA_003054445.1","Complete",10.8126,38.249,"chromosome 1:NC_042506.1/CP028773.1; chromosome 2:NC_042507.1/CP028774.1; chromosome 3:NC_042508.1/CP028775.1; chromosome 4:NC_042509.1/CP028776.1; chromosome 5:NC_042510.1/CP028777.1; mitochondrion MT:CP028778.1",,5,5154,"2018-04-17T00:00:00Z","ftp://ftp.ncbi.nlm.nih.gov/genomes/all/GCA/003/054/445/GCA_003054445.1_ASM305444v1","ftp://ftp.ncbi.nlm.nih.gov/genomes/all/GCF/003/054/445/GCF_003054445.1_ASM305444v1"
"Saccharomycetaceae sp. 'Ashbya aceri'","Eukaryota;Fungi;Ascomycetes","","SAMN03081470","PRJNA39551","GCA_000412225.2","Complete",8.89452,51.1789,"chromosome I:CP006020.1; chromosome II:CP006021.1; chromosome III:CP006022.1; chromosome IV:CP006023.1; chromosome V:CP006024.1; chromosome VI:CP006025.1; chromosome VII:CP006026.1; mitochondrion MT:CP006258.1",,8,4487,"2013-06-18T00:00:00Z","ftp://ftp.ncbi.nlm.nih.gov/genomes/all/GCA/000/412/225/GCA_000412225.2_ASM41222v2",
"Sporisorium scitamineum","Eukaryota;Fungi;Basidiomycetes","SSC39B","SAMN03351821","PRJNA275631","GCA_001010845.1","Complete",20.0676,55.0444,"chromosome 1:CP010913.1; chromosome 2:CP010914.1; chromosome 3:CP010915.1; chromosome 4:CP010916.1; chromosome 5:CP010917.1; chromosome 6:CP010918.1; chromosome 7:CP010919.1; chromosome 8:CP010920.1; chromosome 9:CP010921.1; chromosome 10:CP010922.1; chromosome 11:CP010923.1; chromosome 12:CP010924.1; chromosome 13:CP010925.1; chromosome 14:CP010926.1; chromosome 15:CP010927.1; chromosome 16:CP010928.1; chromosome 17:CP010929.1; chromosome 18:CP010930.1; chromosome 19:CP010931.1; chromosome 20:CP010932.1; chromosome 21:CP010933.1; chromosome 22:CP010934.1; chromosome 23:CP010935.1; chromosome 24:CP010936.1; chromosome 25:CP010937.1; chromosome 26:CP010938.1; mitochondrion MT:CP010939.1",,27,0,"2015-05-20T00:00:00Z","ftp://ftp.ncbi.nlm.nih.gov/genomes/all/GCA/001/010/845/GCA_001010845.1_ASM101084v1",
"Talaromyces pinophilus","Eukaryota;Fungi;Ascomycetes","1-95","SAMN04451644","PRJNA310372","GCA_001571465.2","Complete",36.5122,46.2178,"chromosome 1:CP017344.1; chromosome 2:CP017345.1; chromosome 3:CP017346.1; chromosome 4:CP017347.1; chromosome 5:CP017348.1; chromosome 6:CP017349.1; chromosome 7:CP017350.1; chromosome 8:CP017351.1; mitochondrion MT:CP017352.1",,9,0,"2017-07-18T00:00:00Z","ftp://ftp.ncbi.nlm.nih.gov/genomes/all/GCA/001/571/465/GCA_001571465.2_ASM157146v2",
"Saccharomycopsis malanga","Eukaryota;Fungi;Ascomycetes","KCN26","SAMN08158246","PRJNA421856","GCA_004014935.1","Complete",16.9524,37.9312,"chromosome 1:CP025321.1; chromosome 2:CP025322.1; chromosome 3:CP025323.1; chromosome 4:CP025324.1; chromosome 5:CP025325.1; chromosome 6:CP025326.1; mitochondrion MT:CP025327.1",,7,0,"2019-01-14T00:00:00Z","ftp://ftp.ncbi.nlm.nih.gov/genomes/all/GCA/004/014/935/GCA_004014935.1_ASM401493v1",
"Sugiyamaella lignohabitans","Eukaryota;Fungi;Ascomycetes","CBS 10342","SAMN04417247","PRJNA342695","GCA_001640025.2","Complete",15.9383,44.877,"chromosome A:NC_031672.1/CP014501.1; chromosome B:NC_031674.1/CP014503.1; chromosome C:NC_031671.1/CP014500.1; chromosome D:NC_031673.1/CP014502.1; mitochondrion MT:CP014499.1",,4,5135,"2016-05-06T00:00:00Z","ftp://ftp.ncbi.nlm.nih.gov/genomes/all/GCA/001/640/025/GCA_001640025.2_ASM164002v2","ftp://ftp.ncbi.nlm.nih.gov/genomes/all/GCF/001/640/025/GCF_001640025.1_ASM164002v2"
"Ustilago bromivora","Eukaryota;Fungi;Basidiomycetes","UB2112","SAMEA3928733","PRJEB7751","GCA_900080155.1","Complete",20.625,52.2675,"chromosome I:LT558117.1; chromosome II:LT558118.1; chromosome III:LT558119.1; chromosome IV:LT558120.1; chromosome V:LT558121.1; chromosome VI:LT558122.1; chromosome VII:LT558123.1; chromosome VIII:LT558124.1; chromosome IX:LT558125.1; chromosome X:LT558126.1; chromosome XI:LT558127.1; chromosome XII:LT558128.1; chromosome XIII:LT558129.1; chromosome XIV:LT558130.1; chromosome XIX:LT558135.1; chromosome XV:LT558131.1; chromosome XVI:LT558132.1; chromosome XVII:LT558133.1; chromosome XVIII:LT558134.1; chromosome XX:LT558136.1; chromosome XXI:LT558137.1; chromosome XXII:LT558138.1; chromosome XXIII:LT558139.1; mitochondrion MITO:LT558140.1",,24,7227,"2016-11-03T00:00:00Z","ftp://ftp.ncbi.nlm.nih.gov/genomes/all/GCA/900/080/155/GCA_900080155.1_UBRO_v3",
"Zygosaccharomyces parabailii","Eukaryota;Fungi;Ascomycetes","ATCC 60483","SAMN06276355","PRJNA369052","GCA_001984395.2","Complete",20.8644,42.4701,"chromosome 1:CP019490.1; chromosome 2:CP019491.1; chromosome 3:CP019492.1; chromosome 4:CP019493.1; chromosome 5:CP019494.1; chromosome 6:CP019495.1; chromosome 7:CP019496.1; chromosome 8:CP019497.1; chromosome 9:CP019498.1; chromosome 10:CP019499.1; chromosome 11:CP019500.1; chromosome 12:CP019501.1; chromosome 13:CP019502.1; chromosome 14:CP019503.1; chromosome 15:CP019504.1; chromosome 16:CP019505.1; plasmid pSB2:CP019507.2; mitochondrion MT:CP019506.1",,18,10086,"2017-02-03T00:00:00Z","ftp://ftp.ncbi.nlm.nih.gov/genomes/all/GCA/001/984/395/GCA_001984395.2_ASM198439v2",
"Alternaria solani","Eukaryota;Fungi;Ascomycetes","NL03003","SAMN07257268","PRJNA391093","GCA_002952155.1","Complete",32.7791,51.3237,"chromosome 1:CP022024.1; chromosome 2:CP022025.1; chromosome 3:CP022026.1; chromosome 4:CP022027.1; chromosome 5:CP022028.1; chromosome 6:CP022029.1; chromosome 7:CP022030.1; chromosome 8:CP022031.1; chromosome 9:CP022032.1; chromosome 10:CP022033.1",,10,0,"2018-02-14T00:00:00Z","ftp://ftp.ncbi.nlm.nih.gov/genomes/all/GCA/002/952/155/GCA_002952155.1_ASM295215v1",
"Metschnikowia aff. pulcherrima","Eukaryota;Fungi;Ascomycetes","APC 1.2","SAMN10525143","PRJNA508581","GCA_004217705.1","Complete",15.8012,45.8881,"chromosome I:CP034456.1; chromosome II:CP034457.1; chromosome III:CP034458.1; chromosome IV:CP034459.1; chromosome V:CP034460.1; chromosome VI:CP034461.1; chromosome VII:CP034462.1",,7,5800,"2019-02-20T00:00:00Z","ftp://ftp.ncbi.nlm.nih.gov/genomes/all/GCA/004/217/705/GCA_004217705.1_ASM421770v1",
"Saccharomyces jurei","Eukaryota;Fungi;Ascomycetes","","SAMEA104589863","PRJEB24816","GCA_900290405.1","Complete",11.9388,37.9003,"chromosome II:LT986463.1; chromosome III:LT986464.1; chromosome IV:LT986465.1; chromosome V:LT986468.1; chromosome VIII:LT986471.1; chromosome IX:LT986466.1; chromosome X:LT986472.1; chromosome I.1_XIII.2:LT986461.1; chromosome I.2_XIII.1:LT986462.1; chromosome VI.1_VII.2:LT986469.1; chromosome VI.2_VII.1:LT986470.1; chromosome XI:LT986473.1; chromosome XII.1:LT986474.1; chromosome XII.2:LT986475.1; chromosome XIV:LT986476.1; chromosome XV:LT986477.1; chromosome XVI:LT986478.1; mitochondrion MT:LT986467.1",,18,0,"2018-08-19T00:00:00Z","ftp://ftp.ncbi.nlm.nih.gov/genomes/all/GCA/900/290/405/GCA_900290405.1_SacJureiUoM1",
"Hyphopichia pseudoburtonii","Eukaryota;Fungi;Ascomycetes","makgeolli","SAMN07983364","PRJNA417355","GCA_003856775.1","Complete",15.5473,36.0086,"chromosome 1:CP024751.1; chromosome 2:CP024752.1; chromosome 3:CP024753.1; chromosome 4:CP024754.1; chromosome 5:CP024755.1; chromosome 6:CP024756.1; chromosome 7:CP024757.1; chromosome 8:CP024758.1",,8,0,"2018-12-03T00:00:00Z","ftp://ftp.ncbi.nlm.nih.gov/genomes/all/GCA/003/856/775/GCA_003856775.1_ASM385677v1",
"Exophiala lecanii-corni","Eukaryota;Fungi;Ascomycetes","CBS 102400","SAMN09980456","PRJNA489473","GCA_003955835.1","Complete",34.4207,48.9387,"chromosome 1:CP034370.1; chromosome 2:CP034371.1; chromosome 3:CP034372.1; chromosome 4:CP034373.1; chromosome 5:CP034374.1; chromosome 6:CP034375.1; chromosome 7:CP034376.1; chromosome 8:CP034377.1; chromosome 9:CP034378.1; chromosome 10:CP034379.1; chromosome 11:CP034380.1; chromosome 12:CP034381.1; mitochondrion MT:CP034382.1",,13,0,"2018-12-19T00:00:00Z","ftp://ftp.ncbi.nlm.nih.gov/genomes/all/GCA/003/955/835/GCA_003955835.1_ASM395583v1",
"Talaromyces funiculosus","Eukaryota;Fungi;Ascomycetes","X33","SAMN10522600","PRJNA508439","GCA_004299765.1","Complete",28.4885,46.6319,"chromosome 1:CP036223.1; chromosome 2:CP036224.1; chromosome 3:CP036225.1; chromosome 4:CP036226.1; chromosome 5:CP036227.1; chromosome 6:CP036228.1; chromosome 7:CP036229.1; chromosome 8:CP036230.1; chromosome 9:CP036231.1; chromosome 10:CP036232.1; chromosome 11:CP036233.1; chromosome 12:CP036234.1; chromosome 13:CP036235.1; chromosome 14:CP036236.1; chromosome 15:CP036237.1; chromosome 16:CP036238.1; chromosome 17:CP036239.1; chromosome 18:CP036240.1; chromosome 19:CP036241.1; chromosome 20:CP036242.1; chromosome 21:CP036243.1",,21,0,"2019-02-26T00:00:00Z","ftp://ftp.ncbi.nlm.nih.gov/genomes/all/GCA/004/299/765/GCA_004299765.1_ASM429976v1",
"Saccharomycopsis fibuligera","Eukaryota;Fungi;Ascomycetes","KPH12","SAMN04076426","PRJNA295615","GCA_001936155.1","Complete",19.5672,38.2376,"chromosome 1:CP012823.1; chromosome 2:CP012824.1; chromosome 3:CP012825.1; chromosome 4:CP012826.1; chromosome 5:CP012827.1; chromosome 6:CP012828.1; chromosome 7:CP012829.1",,7,0,"2017-01-05T00:00:00Z","ftp://ftp.ncbi.nlm.nih.gov/genomes/all/GCA/001/936/155/GCA_001936155.1_KPH12",
"Komagataella phaffii CBS 7435","Eukaryota;Fungi;Ascomycetes","","SAMEA104362913","PRJEB18692","GCA_900235035.1","Complete",9.38321,41.2074,"chromosome 1:LT962476.1; chromosome 2:LT962477.1; chromosome 3:LT962478.1; chromosome 4:LT962479.1",,4,5282,"2017-11-01T00:00:00Z","ftp://ftp.ncbi.nlm.nih.gov/genomes/all/GCA/900/235/035/GCA_900235035.1_ASM90023503v1",
"Hyphopichia burtonii","Eukaryota;Fungi;Ascomycetes","makgeolli","SAMN07998367","PRJNA417515","GCA_003856795.1","Complete",12.4965,35.0262,"chromosome 1:CP024759.1; chromosome 2:CP024760.1; chromosome 3:CP024761.1; chromosome 4:CP024762.1; chromosome 5:CP024763.1; chromosome 6:CP024764.1; chromosome 7:CP024765.1; chromosome 8:CP024766.1",,8,0,"2018-12-03T00:00:00Z","ftp://ftp.ncbi.nlm.nih.gov/genomes/all/GCA/003/856/795/GCA_003856795.1_ASM385679v1",
"Malassezia sympodialis","Eukaryota;Fungi;Basidiomycetes","KS292","SAMEA3928479","PRJEB13283","GCA_900149135.1","Complete",7.73242,59.063,"chromosome 1:LT671813.1; chromosome 2:LT671814.1; chromosome 3:LT671815.1; chromosome 4:LT671816.1; chromosome 5:LT671817.1; chromosome 6:LT671818.1; chromosome 7:LT671819.1; chromosome 8:LT671820.1",,8,0,"2017-01-09T23:02:00Z","ftp://ftp.ncbi.nlm.nih.gov/genomes/all/GCA/900/149/135/GCA_900149135.1_Msy_KS292_June2015",
"Cryptococcus amylolentus","Eukaryota;Fungi;Basidiomycetes","CBS7118","SAMN10261830","PRJNA496468","GCA_006149155.1","Complete",20.8718,53.3945,"chromosome 1:CP034261.1; chromosome 2:CP034262.1; chromosome 3:CP034263.1; chromosome 4:CP034264.1; chromosome 5:CP034265.1; chromosome 6:CP034266.1; chromosome 7:CP034267.1; chromosome 8:CP034268.1; chromosome 9:CP034269.1; chromosome 10:CP034270.1; chromosome 11:CP034271.1; chromosome 12:CP034272.1; chromosome 13:CP034273.1; chromosome 14:CP034274.1; mitochondrion MT:CP034275.1",,15,0,"2019-06-07T00:00:00Z","ftp://ftp.ncbi.nlm.nih.gov/genomes/all/GCA/006/149/155/GCA_006149155.1_ASM614915v1",
"Pichia kudriavzevii","Eukaryota;Fungi;Ascomycetes","SJP","SAMN06675446","PRJNA383123","GCA_003033855.1","Complete",10.9238,38.3175,"chromosome 1:CP021088.1; chromosome 2:CP021089.1; chromosome 3:CP021090.1; chromosome 4:CP021091.1; chromosome 5:CP021092.1; chromosome 6:CP021093.1; chromosome 7:CP021094.1; chromosome 8:CP021095.1; chromosome 9:CP021096.1; chromosome 10:CP021097.1; mitochondrion:CP021098.1",,11,0,"2018-04-04T00:00:00Z","ftp://ftp.ncbi.nlm.nih.gov/genomes/all/GCA/003/033/855/GCA_003033855.1_ASM303385v1",
"Torulaspora delbrueckii","Eukaryota;Fungi;Ascomycetes","COFT1","SAMN08580061","PRJNA435462","GCA_003013175.1","Complete",9.35683,41.9689,"chromosome 1:CP027647.1; chromosome 2:CP027648.1; chromosome 3:CP027649.1; chromosome 4:CP027650.1; chromosome 5:CP027651.1; chromosome 6:CP027652.1; chromosome 7:CP027653.1; chromosome 8:CP027654.1; mitochondrion MT:CP027655.1",,9,0,"2018-03-21T00:00:00Z","ftp://ftp.ncbi.nlm.nih.gov/genomes/all/GCA/003/013/175/GCA_003013175.1_ASM301317v1",
"Kluyveromyces marxianus","Eukaryota;Fungi;Ascomycetes","NBRC 1777","SAMD00017339","PRJDB2891","GCA_001417835.1","Complete",10.8956,40.117,"chromosome 1:AP014599.1; chromosome 2:AP014600.1; chromosome 3:AP014601.1; chromosome 4:AP014602.1; chromosome 5:AP014603.1; chromosome 6:AP014604.1; chromosome 7:AP014605.1; chromosome 8:AP014606.1; mitochondrion MT:AP014607.1",,9,4912,"2014-10-03T00:00:00Z","ftp://ftp.ncbi.nlm.nih.gov/genomes/all/GCA/001/417/835/GCA_001417835.1_KM1777_03",
"Verticillium dahliae JR2","Eukaryota;Fungi;Ascomycetes","JR2","SAMN02919271","PRJNA175765","GCA_000400815.2","Complete",36.1503,53.8819,"chromosome 1:CP009075.1; chromosome 2:CP009079.1; chromosome 3:CP009077.1; chromosome 4:CP009080.1; chromosome 5:CP009078.1; chromosome 6:CP009076.1; chromosome 7:CP009082.1; chromosome 8:CP009081.1",,8,0,"2014-08-29T00:00:00Z","ftp://ftp.ncbi.nlm.nih.gov/genomes/all/GCA/000/400/815/GCA_000400815.2_VDAG_JR2v.4.0",
"Talaromyces marneffei","Eukaryota;Fungi;Ascomycetes","TM4","SAMN05162522","PRJNA322422","GCA_003971505.1","Complete",28.3071,46.7216,"chromosome 1:CP015868.1; chromosome 2:CP015869.1; chromosome 3:CP015870.1; chromosome 4:CP015871.1; chromosome 5:CP015872.1; chromosome 6:CP015873.1; chromosome 7:CP015874.1; chromosome 8:CP015875.1",,8,0,"2018-12-27T00:00:00Z","ftp://ftp.ncbi.nlm.nih.gov/genomes/all/GCA/003/971/505/GCA_003971505.1_ASM397150v1",
"Parastagonospora nodorum","Eukaryota;Fungi;Ascomycetes","Sn79-1087","SAMN07500996","PRJNA398070","GCA_002267025.1","Complete",34.7819,51.4335,"chromosome 1:CP022852.1; chromosome 2:CP022853.1; chromosome 3:CP022855.1; chromosome 4:CP022854.1; chromosome 5:CP022856.1; chromosome 6:CP022858.1; chromosome 7:CP022857.1; chromosome 8:CP022860.1; chromosome 9:CP022859.1; chromosome 10:CP022869.1; chromosome 11:CP022861.1; chromosome 12:CP022863.1; chromosome 13:CP022862.1; chromosome 14:CP022865.1; chromosome 15:CP022864.1; chromosome 16:CP022868.1; chromosome 17:CP022866.1; chromosome 18:CP022870.1; chromosome 19:CP022873.1; chromosome 20:CP022872.1; chromosome 21:CP022871.1; chromosome 22:CP022867.1",,22,0,"2017-08-23T00:00:00Z","ftp://ftp.ncbi.nlm.nih.gov/genomes/all/GCA/002/267/025/GCA_002267025.1_ASM226702v1",
"Trichoderma reesei QM6a","Eukaryota;Fungi;Ascomycetes","QM6a","SAMN05250858","PRJNA325840","GCA_002006585.1","Complete",34.9225,51.0924,"chromosome I:CP016232.1; chromosome II:CP016233.1; chromosome III:CP016234.1; chromosome IV:CP016235.1; chromosome V:CP016236.1; chromosome VI:CP016237.1; chromosome VII:CP016238.1",,7,0,"2017-02-24T00:00:00Z","ftp://ftp.ncbi.nlm.nih.gov/genomes/all/GCA/002/006/585/GCA_002006585.1_ASM200658v1",
"Yarrowia lipolytica WSH-Z06","Eukaryota;Fungi;Ascomycetes","WSH-Z06","SAMEA3138994","PRJEB5051","GCA_000613145.2","Complete",20.1385,49.0342,"chromosome I:HG934059.1; chromosome II:HG934060.1; chromosome III:HG934061.1; chromosome IV:HG934062.1; chromosome V:HG934063.1; chromosome VI:HG934064.1; mitochondrion MT:LK934652.1",,7,0,"2014-03-10T00:00:00Z","ftp://ftp.ncbi.nlm.nih.gov/genomes/all/GCA/000/613/145/GCA_000613145.2_YALI0",
"Kluyveromyces lactis","Eukaryota;Fungi;Ascomycetes","GG799","SAMN06921775","PRJNA386037","GCA_002151565.1","Complete",10.6827,38.704,"chromosome A:CP021239.1; chromosome B:CP021240.1; chromosome C:CP021241.1; chromosome D:CP021242.1; chromosome E:CP021243.1; chromosome F:CP021244.1; mitochondrion MT:CP021245.1",,7,0,"2017-05-19T00:00:00Z","ftp://ftp.ncbi.nlm.nih.gov/genomes/all/GCA/002/151/565/GCA_002151565.1_ASM215156v1",
"Eremothecium gossypii FDAG1","Eukaryota;Fungi;Ascomycetes","FDAG1","","PRJNA39549","GCA_000968835.1","Complete",9.15715,51.678,"chromosome I:CP002705.1; chromosome II:CP002706.1; chromosome III:CP002707.1; chromosome IV:CP002708.1; chromosome V:CP002709.1; chromosome VI:CP002710.1; chromosome VII:CP002711.1; mitochondrion MT:CP002712.1",,8,4774,"2012-01-27T00:00:00Z","ftp://ftp.ncbi.nlm.nih.gov/genomes/all/GCA/000/968/835/GCA_000968835.1_ASM96883v1",
"Pyricularia oryzae","Eukaryota;Fungi;Ascomycetes","MZ5-1-6","SAMN10491321","PRJNA507314","GCA_004346965.1","Complete",42.7033,50.0762,"chromosome 1:CP034204.1; chromosome 2:CP034205.1; chromosome 3:CP034206.1; chromosome 4:CP034207.1; chromosome 5:CP034208.1; chromosome 6:CP034209.1; chromosome 7:CP034210.1",,7,13521,"2019-03-12T00:00:00Z","ftp://ftp.ncbi.nlm.nih.gov/genomes/all/GCA/004/346/965/GCA_004346965.1_ASM434696v1",
"Saccharomyces cerevisiae","Eukaryota;Fungi;Ascomycetes","ySR127","SAMN03565668","PRJNA282006","GCA_001051215.1","Complete",12.0863,38.1473,"chromosome I:CP011547.1; chromosome II:CP011548.1; chromosome III:CP011549.1; chromosome IV:CP011550.1; chromosome V:CP011551.1; chromosome VI:CP011552.1; chromosome VII:CP011553.1; chromosome VIII:CP011554.1; chromosome IX:CP011555.1; chromosome X:CP011556.1; chromosome XI:CP011557.1; chromosome XII:CP011558.1; chromosome XIII:CP011559.1; chromosome XIV:CP011560.1; chromosome XV:CP011561.1; chromosome XVI:CP011562.1; mitochondrion MT:CP011563.1",,17,0,"2015-07-09T00:00:00Z","ftp://ftp.ncbi.nlm.nih.gov/genomes/all/GCA/001/051/215/GCA_001051215.1_ASM105121v1",
"Saccharomyces cerevisiae","Eukaryota;Fungi;Ascomycetes","BY4742","SAMN08364553","PRJNA429985","GCA_003086655.1","Complete",12.1655,38.3121,"chromosome I:CP026301.1; chromosome II:CP026296.1; chromosome III:CP026297.1; chromosome IV:CP026298.1; chromosome V:CP026299.1; chromosome VI:CP026302.1; chromosome VII:CP026294.1; chromosome VIII:CP026287.1; chromosome IX:CP026295.1; chromosome X:CP026288.1; chromosome XI:CP026289.1; chromosome XII:CP026300.1; chromosome XIII:CP026291.1; chromosome XIV:CP026293.1; chromosome XV:CP026303.1; chromosome XVI:CP026290.1",,16,0,"2018-05-03T00:00:00Z","ftp://ftp.ncbi.nlm.nih.gov/genomes/all/GCA/003/086/655/GCA_003086655.1_ASM308665v1",
"Yarrowia lipolytica","Eukaryota;Fungi;Ascomycetes","CLIB89(W29)","SAMN04088558","PRJNA295780","GCA_001761485.1","Complete",20.548,48.9838,"chromosome 1A:CP017553.1; chromosome 1B:CP017554.1; chromosome 1C:CP017555.1; chromosome 1D:CP017556.1; chromosome 1E:CP017557.1; chromosome 1F:CP017558.1; mitochondrion MT:CP017559.1",,7,7949,"2016-10-12T00:00:00Z","ftp://ftp.ncbi.nlm.nih.gov/genomes/all/GCA/001/761/485/GCA_001761485.1_ASM176148v1",
"Verticillium dahliae VdLs.17","Eukaryota;Fungi;Ascomycetes","VdLs.17","SAMN02953716","PRJNA276625","GCA_000952015.1","Complete",35.9739,53.9912,"chromosome 1:CP010980.1; chromosome 2:CP010981.1; chromosome 3:CP010982.1; chromosome 4:CP010983.1; chromosome 5:CP010984.1; chromosome 6:CP010985.1; chromosome 7:CP010986.1; chromosome 8:CP010987.1",,8,0,"2015-03-13T00:00:00Z","ftp://ftp.ncbi.nlm.nih.gov/genomes/all/GCA/000/952/015/GCA_000952015.1_ASM95201v1",
"Kluyveromyces marxianus","Eukaryota;Fungi;Ascomycetes","CBS4857","SAMN04601176","PRJNA316759","GCA_001854445.1","Complete",10.9145,40.1475,"chromosome 1:CP015054.1; chromosome 2:CP015055.1; chromosome 3:CP015056.1; chromosome 4:CP015057.1; chromosome 5:CP015058.1; chromosome 6:CP015059.1; chromosome 7:CP015060.1; chromosome 8:CP015061.1",,8,0,"2016-10-26T00:00:00Z","ftp://ftp.ncbi.nlm.nih.gov/genomes/all/GCA/001/854/445/GCA_001854445.1_ASM185444v1",
"Pichia kudriavzevii","Eukaryota;Fungi;Ascomycetes","CBS5147","SAMN08898001","PRJNA449362","GCA_003054405.1","Complete",10.7831,38.3397,"chromosome 1:CP028531.1; chromosome 2:CP028532.1; chromosome 3:CP028533.1; chromosome 4:CP028534.1; chromosome 5:CP028535.1",,5,0,"2018-04-17T00:00:00Z","ftp://ftp.ncbi.nlm.nih.gov/genomes/all/GCA/003/054/405/GCA_003054405.1_ASM305440v1",
"Malassezia sympodialis ATCC 42132","Eukaryota;Fungi;Basidiomycetes","ATCC 42132","SAMEA19198168","PRJEB13283","GCA_900149145.1","Complete",7.78608,58.9133,"chromosome 1:LT671821.1; chromosome 2:LT671822.1; chromosome 3:LT671823.1; chromosome 4:LT671824.1; chromosome 5:LT671825.1; chromosome 6:LT671826.1; chromosome 7:LT671827.1; chromosome 8:LT671828.1; mitochondrion M:LT671829.1",,9,4502,"2017-01-09T23:03:00Z","ftp://ftp.ncbi.nlm.nih.gov/genomes/all/GCA/900/149/145/GCA_900149145.1_Msy_ATCC_42132_Feb2016",
"Malassezia sympodialis","Eukaryota;Fungi;Basidiomycetes","KS024","SAMEA3928478","PRJEB13283","GCA_900149155.1","Complete",7.75716,59.1833,"chromosome 1:LT671789.1; chromosome 2:LT671790.1; chromosome 3:LT671791.1; chromosome 4:LT671792.1; chromosome 5:LT671793.1; chromosome 6:LT671794.1; chromosome 7:LT671795.1; chromosome 8:LT671796.1",,8,0,"2017-01-09T23:02:00Z","ftp://ftp.ncbi.nlm.nih.gov/genomes/all/GCA/900/149/155/GCA_900149155.1_Msy_KS024_June2015",
"Saccharomyces cerevisiae","Eukaryota;Fungi;Ascomycetes","KSD-Yc","SAMN07786807","PRJNA414350","GCA_003709285.1","Complete",12.0204,38.2971,"chromosome 1:CP023995.1; chromosome 2:CP023996.1; chromosome 3:CP023997.1; chromosome 4:CP023998.1; chromosome 5:CP023999.1; chromosome 6:CP024000.1; chromosome 7:CP024001.1; chromosome 8:CP024002.1; chromosome 9:CP024003.1; chromosome 10:CP024004.1; chromosome 11:CP024005.1; chromosome 12:CP024006.1; chromosome 13:CP024007.1; chromosome 14:CP024008.1; chromosome 15:CP024009.1; chromosome 16:CP024010.1",,16,0,"2018-10-29T00:00:00Z","ftp://ftp.ncbi.nlm.nih.gov/genomes/all/GCA/003/709/285/GCA_003709285.1_ASM370928v1",
"Saccharomyces cerevisiae","Eukaryota;Fungi;Ascomycetes","ySR128","SAMN11029472","PRJNA524644","GCA_004328465.1","Complete",12.1343,38.1573,"chromosome I:CP036471.1; chromosome II:CP036486.1; chromosome III:CP036472.1; chromosome IV:CP036483.1; chromosome V:CP036474.1; chromosome VI:CP036473.1; chromosome VII:CP036485.1; chromosome VIII:CP036477.1; chromosome IX:CP036480.1; chromosome X:CP036479.1; chromosome XI:CP036484.1; chromosome XII:CP036478.1; chromosome XIII:CP036475.1; chromosome XIV:CP036476.1; chromosome XV:CP036482.1; chromosome XVI:CP036481.1; mitochondrion MT:CP036470.1",,17,0,"2019-03-06T00:00:00Z","ftp://ftp.ncbi.nlm.nih.gov/genomes/all/GCA/004/328/465/GCA_004328465.1_ASM432846v1",
"Malassezia sympodialis","Eukaryota;Fungi;Basidiomycetes","KS327","SAMEA3928480","PRJEB13283","GCA_900149165.1","Complete",7.87315,59.1089,"chromosome 1:LT671797.1; chromosome 2:LT671798.1; chromosome 3:LT671799.1; chromosome 4:LT671800.1; chromosome 5:LT671801.1; chromosome 6:LT671802.1; chromosome 7:LT671803.1; chromosome 8:LT671804.1",,8,0,"2017-01-09T23:02:00Z","ftp://ftp.ncbi.nlm.nih.gov/genomes/all/GCA/900/149/165/GCA_900149165.1_Msy_KS327_June2015",
"Malassezia sympodialis","Eukaryota;Fungi;Basidiomycetes","KS004","SAMEA3928477","PRJEB13283","GCA_900149175.1","Complete",7.72904,59.0618,"chromosome 1:LT671805.1; chromosome 2:LT671806.1; chromosome 3:LT671807.1; chromosome 4:LT671808.1; chromosome 5:LT671809.1; chromosome 6:LT671810.1; chromosome 7:LT671811.1; chromosome 8:LT671812.1",,8,0,"2017-01-09T23:02:00Z","ftp://ftp.ncbi.nlm.nih.gov/genomes/all/GCA/900/149/175/GCA_900149175.1_Msy_KS004_June2015",
